Name of Fund,Product Type,Transaction Date,Investment Amount,Exchange Rate,Purchase Price,Norminal Value / Quantity,Accrued Interest,Upfront Setup Fee Rate,Processing Fee,Payment Mode,Status,Date Completed,Transaction Type,Advice Given,Suitability,
VIPS - Growth (Cash),NDPMS,08-Dec-2020,SGD 750,1,TBD,-,NA,3.000 %,NA,DDA,complete,14-Dec-2020,RSP,NA,NA,
VIPS - Growth (Cash),NDPMS,09-Nov-2020,SGD 750,1,TBD,-,NA,3.000 %,NA,DDA,complete,13-Nov-2020,RSP,NA,NA,
VIPS - Growth (Cash),NDPMS,08-Oct-2020,SGD 750,1,TBD,-,NA,3.000 %,NA,DDA,complete,15-Oct-2020,RSP,NA,NA,
VIPS - Growth (Cash),NDPMS,08-Sep-2020,SGD 750,1,TBD,-,NA,3.000 %,NA,DDA,complete,14-Sep-2020,RSP,NA,NA,
VIPS - Growth (Cash),NDPMS,11-Aug-2020,SGD 750,1,TBD,-,NA,3.000 %,NA,DDA,complete,17-Aug-2020,RSP,NA,NA,
VIPS - Growth (Cash),NDPMS,08-Jul-2020,SGD 750,1,TBD,-,NA,3.000 %,NA,DDA,complete,15-Jul-2020,RSP,NA,NA,
VIPS - Growth (Cash),NDPMS,08-Jun-2020,SGD 750,1,TBD,-,NA,3.000 %,NA,DDA,complete,12-Jun-2020,RSP,NA,NA,
VIPS - Growth (Cash),NDPMS,08-May-2020,SGD 750,1,TBD,-,NA,3.000 %,NA,DDA,complete,14-May-2020,RSP,NA,NA,
VIPS - Growth (Cash),NDPMS,08-Apr-2020,SGD 750,1,TBD,-,NA,3.000 %,NA,DDA,complete,15-Apr-2020,RSP,NA,NA,
VIPS - Growth (Cash),NDPMS,09-Mar-2020,SGD 750,1,TBD,-,NA,3.000 %,NA,DDA,complete,13-Mar-2020,RSP,NA,NA,
VIPS - Growth (Cash),NDPMS,10-Feb-2020,SGD 750,1,TBD,-,NA,3.000 %,NA,DDA,complete,14-Feb-2020,RSP,NA,NA,
VIPS - Growth (Cash),NDPMS,08-Jan-2020,SGD 1000,1,TBD,-,NA,3.000 %,NA,DDA,complete,14-Jan-2020,RSP,NA,NA,
VIPS - Growth (Cash),NDPMS,09-Dec-2019,SGD 1000,1,TBD,-,NA,3.000 %,NA,DDA,complete,13-Dec-2019,RSP,NA,NA,
VIPS - Growth (Cash),NDPMS,20-Nov-2019,SGD 32684.41448,1,TBD,-,NA,0.000 %,NA,Cash,complete,20-Nov-2019,Transfer In,NA,NA,
HGIF - RMB Fixed Income AM3O SGD,UT,18-Nov-2019,SGD 12.36,1,SGD 9.787,1.263,NA,NA,SGD 0.00,Cash,complete,18-Nov-2019,Dividend,-,-,
HGIF - RMB Fixed Income AM3O SGD,UT,08-Nov-2019,SGD 500,1,SGD 9.825,49.257,NA,NA,SGD 0.00,DDA,complete,14-Nov-2019,RSP,-,-,
Eastspring Investments - China Equity Fund AS SGD,UT,08-Nov-2019,SGD 100,1,SGD 13.185,7.341,NA,NA,SGD 0.00,DDA,complete,14-Nov-2019,RSP,-,-,
Aberdeen Standard China Opportunities SGD,UT,08-Nov-2019,SGD 100,1,SGD 3.9483,24.51,NA,NA,SGD 0.00,DDA,complete,14-Nov-2019,RSP,-,-,
DWS China Equity A SGD,UT,08-Nov-2019,SGD 100,1,SGD 3.8244,25.3,NA,NA,SGD 0.00,DDA,complete,14-Nov-2019,RSP,-,-,
Fidelity China Consumer A-SGD,UT,08-Nov-2019,SGD 100,1,SGD 1.983,48.81,NA,NA,SGD 0.00,DDA,complete,14-Nov-2019,RSP,-,-,
Fidelity China Focus A-SGD,UT,08-Nov-2019,SGD 100,1,SGD 2.029,47.7,NA,NA,SGD 0.00,DDA,complete,14-Nov-2019,RSP,-,-,
SPDR® Gold Shares,ETF,21-Oct-2019,USD 4217.7,1,USD 140.59,30,NA,NA,USD 0.00,Cash Account (USD),complete,22-Oct-2019,Transfer In,NA,NA,
HGIF - RMB Fixed Income AM3O SGD,UT,14-Oct-2019,SGD 10.78,1,SGD 9.699,1.111,NA,NA,SGD 0.00,Cash,complete,14-Oct-2019,Dividend,-,-,
Eastspring Investments - China Equity Fund AS SGD,UT,08-Oct-2019,SGD 100,1,SGD 12.043,8.037,NA,NA,SGD 0.00,DDA,complete,14-Oct-2019,RSP,-,-,
Fidelity China Consumer A-SGD,UT,08-Oct-2019,SGD 100,1,SGD 1.87,51.76,NA,NA,SGD 0.00,DDA,complete,14-Oct-2019,RSP,-,-,
Aberdeen Standard China Opportunities SGD,UT,08-Oct-2019,SGD 100,1,SGD 3.7948,25.51,NA,NA,SGD 0.00,DDA,complete,14-Oct-2019,RSP,-,-,
HGIF - RMB Fixed Income AM3O SGD,UT,08-Oct-2019,SGD 500,1,SGD 9.641,50.197,NA,NA,SGD 0.00,DDA,complete,14-Oct-2019,RSP,-,-,
DWS China Equity A SGD,UT,08-Oct-2019,SGD 100,1,SGD 3.595,26.92,NA,NA,SGD 0.00,DDA,complete,14-Oct-2019,RSP,-,-,
Fidelity China Focus A-SGD,UT,08-Oct-2019,SGD 100,1,SGD 1.906,50.78,NA,NA,SGD 0.00,DDA,complete,14-Oct-2019,RSP,-,-,
HGIF - RMB Fixed Income AM3O SGD,UT,13-Sep-2019,SGD 9.97,1,SGD 9.69,1.029,NA,NA,SGD 0.00,Cash,complete,13-Sep-2019,Dividend,-,-,
Eastspring Investments - China Equity Fund AS SGD,UT,09-Sep-2019,SGD 100,1,SGD 12.445,7.777,NA,NA,SGD 0.00,DDA,complete,13-Sep-2019,RSP,-,-,
DWS China Equity A SGD,UT,09-Sep-2019,SGD 100,1,SGD 3.7063,26.11,NA,NA,SGD 0.00,DDA,complete,13-Sep-2019,RSP,-,-,
Fidelity China Focus A-SGD,UT,09-Sep-2019,SGD 100,1,SGD 1.972,49.08,NA,NA,SGD 0.00,DDA,complete,13-Sep-2019,RSP,-,-,
Aberdeen Standard China Opportunities SGD,UT,09-Sep-2019,SGD 100,1,SGD 3.893,24.86,NA,NA,SGD 0.00,DDA,complete,13-Sep-2019,RSP,-,-,
Fidelity China Consumer A-SGD,UT,09-Sep-2019,SGD 100,1,SGD 1.956,49.48,NA,NA,SGD 0.00,DDA,complete,13-Sep-2019,RSP,-,-,
HGIF - RMB Fixed Income AM3O SGD,UT,09-Sep-2019,SGD 500,1,SGD 9.683,49.979,NA,NA,SGD 0.00,DDA,complete,13-Sep-2019,RSP,-,-,
HGIF - RMB Fixed Income AM3O SGD,UT,19-Aug-2019,SGD 8.15,1,SGD 9.802,0.831,NA,NA,SGD 0.00,Cash,complete,19-Aug-2019,Dividend,-,-,
Fidelity China Focus A-SGD,UT,14-Aug-2019,SGD 1.12,1,SGD 1.892,0.59,NA,NA,SGD 0.00,Cash,complete,14-Aug-2019,Dividend,-,-,
HGIF - RMB Fixed Income AM3O SGD,UT,08-Aug-2019,SGD 500,1,SGD 9.731,49.733,NA,NA,SGD 0.00,DDA,complete,16-Aug-2019,RSP,-,-,
Fidelity China Consumer A-SGD,UT,08-Aug-2019,SGD 100,1,SGD 1.857,52.12,NA,NA,SGD 0.00,DDA,complete,16-Aug-2019,RSP,-,-,
DWS China Equity A SGD,UT,08-Aug-2019,SGD 100,1,SGD 3.5601,27.18,NA,NA,SGD 0.00,DDA,complete,16-Aug-2019,RSP,-,-,
Eastspring Investments - China Equity Fund AS SGD,UT,08-Aug-2019,SGD 100,1,SGD 11.761,8.23,NA,NA,SGD 0.00,DDA,complete,16-Aug-2019,RSP,-,-,
Fidelity China Focus A-SGD,UT,08-Aug-2019,SGD 100,1,SGD 1.892,51.16,NA,NA,SGD 0.00,DDA,complete,16-Aug-2019,RSP,-,-,
Aberdeen Standard China Opportunities SGD,UT,08-Aug-2019,SGD 100,1,SGD 3.7144,26.06,NA,NA,SGD 0.00,DDA,complete,16-Aug-2019,RSP,-,-,
HGIF - RMB Fixed Income AM3O SGD,UT,15-Jul-2019,SGD 7.83,1,SGD 9.98,0.785,NA,NA,SGD 0.00,Cash,complete,15-Jul-2019,Dividend,-,-,
Aberdeen Standard China Opportunities SGD,UT,08-Jul-2019,SGD 100,1,SGD 3.8658,25.04,NA,NA,SGD 0.00,DDA,complete,12-Jul-2019,RSP,-,-,
Eastspring Investments - China Equity Fund AS SGD,UT,08-Jul-2019,SGD 100,1,SGD 12.618,7.671,NA,NA,SGD 0.00,DDA,complete,12-Jul-2019,RSP,-,-,
HGIF - RMB Fixed Income AM3O SGD,UT,08-Jul-2019,SGD 500,1,SGD 9.96,48.589,NA,NA,SGD 0.00,DDA,complete,12-Jul-2019,RSP,-,-,
Fidelity China Consumer A-SGD,UT,08-Jul-2019,SGD 100,1,SGD 1.932,50.1,NA,NA,SGD 0.00,DDA,complete,12-Jul-2019,RSP,-,-,
DWS China Equity A SGD,UT,08-Jul-2019,SGD 100,1,SGD 3.7425,25.86,NA,NA,SGD 0.00,DDA,complete,12-Jul-2019,RSP,-,-,
Fidelity China Focus A-SGD,UT,08-Jul-2019,SGD 100,1,SGD 2.036,47.54,NA,NA,SGD 0.00,DDA,complete,12-Jul-2019,RSP,-,-,
Phillip Money Market SGD,UT,24-Jun-2019,SGD 2029.08,1,SGD 1.2122,1673.88,NA,NA,SGD 0.00,Cash,complete,28-Jun-2019,Switch Buy,Y,Y,
Phillip Money Market SGD,UT,24-Jun-2019,SGD 681.56,1,SGD 1.2122,562.25,NA,NA,SGD 0.00,Cash,complete,28-Jun-2019,Switch Buy,Y,Y,
Phillip Money Market SGD,UT,24-Jun-2019,SGD 710.52,1,SGD 1.2122,586.14,NA,NA,SGD 0.00,Cash,complete,28-Jun-2019,Switch Buy,Y,Y,
Phillip Money Market SGD,UT,24-Jun-2019,SGD 669.92,1,SGD 1.2122,552.65,NA,NA,SGD 0.00,Cash,complete,28-Jun-2019,Switch Buy,Y,Y,
Phillip Money Market SGD,UT,24-Jun-2019,SGD 687.19,1,SGD 1.2122,566.89,NA,NA,SGD 0.00,Cash,complete,28-Jun-2019,Switch Buy,Y,Y,
Phillip Money Market SGD,UT,24-Jun-2019,SGD 696.32,1,SGD 1.2122,574.43,NA,NA,SGD 0.00,Cash Fund,complete,28-Jun-2019,Switch Buy,Y,Y,
Aberdeen Standard SICAV I - China A Share Equity A Acc SGD-H,UT,21-Jun-2019,SGD 382.88,1,SGD 10.0478,38.106,NA,NA,SGD 0.00,Cash,complete,27-Jun-2019,Switch Buy,Y,Y,
Aberdeen Standard SICAV I - China A Share Equity A Acc SGD-H,UT,21-Jun-2019,SGD 1159.7,1,SGD 10.0478,115.418,NA,NA,SGD 0.00,Cash,complete,27-Jun-2019,Switch Buy,Y,Y,
BNP Paribas China Equity Classic USD,UT,21-Jun-2019,SGD 869.38,0.732869,USD 408.99,1.557,NA,NA,SGD 0.00,Cash,complete,27-Jun-2019,Switch Buy,Y,Y,
Aberdeen Standard SICAV I - China A Share Equity A Acc SGD-H,UT,21-Jun-2019,SGD 389.53,1,SGD 10.0478,38.768,NA,NA,SGD 0.00,Cash,complete,27-Jun-2019,Switch Buy,Y,Y,
BNP Paribas China Equity Classic USD,UT,21-Jun-2019,SGD 292.01,0.732869,USD 408.99,0.523,NA,NA,SGD 0.00,Cash,complete,27-Jun-2019,Switch Buy,Y,Y,
Aberdeen Standard SICAV I - China A Share Equity A Acc SGD-H,UT,21-Jun-2019,SGD 392.75,1,SGD 10.0478,39.088,NA,NA,SGD 0.00,Cash,complete,27-Jun-2019,Switch Buy,Y,Y,
BNP Paribas China Equity Classic USD,UT,21-Jun-2019,SGD 294.43,0.732869,USD 408.99,0.527,NA,NA,SGD 0.00,Cash,complete,27-Jun-2019,Switch Buy,Y,Y,
Aberdeen Standard SICAV I - China A Share Equity A Acc SGD-H,UT,21-Jun-2019,SGD 397.97,1,SGD 10.0478,39.608,NA,NA,SGD 0.00,Cash Fund,complete,27-Jun-2019,Switch Buy,Y,Y,
BNP Paribas China Equity Classic USD,UT,21-Jun-2019,SGD 298.34,0.732869,USD 408.99,0.534,NA,NA,SGD 0.00,Cash Fund,complete,27-Jun-2019,Switch Buy,Y,Y,
Aberdeen Standard SICAV I - China A Share Equity A Acc SGD-H,UT,21-Jun-2019,SGD 406.12,1,SGD 10.0478,40.419,NA,NA,SGD 0.00,Cash,complete,27-Jun-2019,Switch Buy,Y,Y,
BNP Paribas China Equity Classic USD,UT,21-Jun-2019,SGD 304.44,0.732869,USD 408.99,0.545,NA,NA,SGD 0.00,Cash,complete,27-Jun-2019,Switch Buy,Y,Y,
BNP Paribas China Equity Classic USD,UT,21-Jun-2019,SGD 287.05,0.732869,USD 408.99,0.514,NA,NA,SGD 0.00,Cash,complete,27-Jun-2019,Switch Buy,Y,Y,
Fidelity China Consumer A-SGD,UT,20-Jun-2019,SGD 2.83,1,SGD 1.923,1.47,NA,NA,SGD 0.00,Cash,complete,26-Jun-2019,Switch Buy,Y,Y,
Fidelity China Consumer A-SGD,UT,20-Jun-2019,SGD 2.79,1,SGD 1.923,1.45,NA,NA,SGD 0.00,Cash Fund,complete,26-Jun-2019,Switch Buy,Y,Y,
Fidelity China Consumer A-SGD,UT,20-Jun-2019,SGD 2.76,1,SGD 1.923,1.44,NA,NA,SGD 0.00,Cash,complete,26-Jun-2019,Switch Buy,Y,Y,
Fidelity China Consumer A-SGD,UT,20-Jun-2019,SGD 8.14,1,SGD 1.923,4.23,NA,NA,SGD 0.00,Cash,complete,26-Jun-2019,Switch Buy,Y,Y,
Fidelity China Consumer A-SGD,UT,20-Jun-2019,SGD 2.67,1,SGD 1.923,1.39,NA,NA,SGD 0.00,Cash,complete,26-Jun-2019,Switch Buy,Y,Y,
Fidelity China Consumer A-SGD,UT,20-Jun-2019,SGD 2.74,1,SGD 1.923,1.42,NA,NA,SGD 0.00,Cash,complete,26-Jun-2019,Switch Buy,Y,Y,
HGIF - RMB Fixed Income AM3O SGD,UT,13-Jun-2019,SGD 15.9,1,SGD 9.866,1.612,NA,NA,SGD 0.00,Cash,complete,13-Jun-2019,Dividend,-,-,
HGIF - RMB Fixed Income AM3O SGD,UT,11-Jun-2019,SGD 500,1,SGD 9.866,49.052,NA,NA,SGD 0.00,DDA,complete,17-Jun-2019,RSP,-,-,
Aberdeen Standard China Opportunities SGD,UT,11-Jun-2019,SGD 100,1,SGD 3.7006,26.16,NA,NA,SGD 0.00,DDA,complete,17-Jun-2019,RSP,-,-,
Eastspring Investments - China Equity Fund AS SGD,UT,11-Jun-2019,SGD 100,1,SGD 12.634,7.661,NA,NA,SGD 0.00,DDA,complete,17-Jun-2019,RSP,-,-,
Fidelity China Consumer A-SGD,UT,10-Jun-2019,SGD 100,1,SGD 1.864,51.93,NA,NA,SGD 0.00,DDA,complete,14-Jun-2019,RSP,-,-,
Fidelity China Focus A-SGD,UT,10-Jun-2019,SGD 100,1,SGD 1.971,49.11,NA,NA,SGD 0.00,DDA,complete,14-Jun-2019,RSP,-,-,
DWS China Equity A SGD,UT,10-Jun-2019,SGD 100,1,SGD 3.6216,26.72,NA,NA,SGD 0.00,DDA,complete,14-Jun-2019,RSP,-,-,
HGIF - RMB Fixed Income AM3O SGD,UT,10-May-2019,SGD 13.78,1,SGD 10.055,1.37,NA,NA,SGD 0.00,Cash,complete,10-May-2019,Dividend,-,-,
Fidelity China Focus A-SGD,UT,08-May-2019,SGD 100,1,SGD 2.058,47.03,NA,NA,SGD 0.00,DDA,complete,14-May-2019,RSP,-,-,
Eastspring Investments - China Equity Fund AS SGD,UT,08-May-2019,SGD 100,1,SGD 13.218,7.323,NA,NA,SGD 0.00,DDA,complete,14-May-2019,RSP,-,-,
DWS China Equity A SGD,UT,08-May-2019,SGD 100,1,SGD 3.8273,25.28,NA,NA,SGD 0.00,DDA,complete,14-May-2019,RSP,-,-,
Fidelity China Consumer A-SGD,UT,08-May-2019,SGD 100,1,SGD 1.961,49.36,NA,NA,SGD 0.00,DDA,complete,14-May-2019,RSP,-,-,
HGIF - RMB Fixed Income AM3O SGD,UT,08-May-2019,SGD 500,1,SGD 10.055,48.13,NA,NA,SGD 0.00,DDA,complete,14-May-2019,RSP,-,-,
Aberdeen Standard China Opportunities SGD,UT,08-May-2019,SGD 100,1,SGD 3.8246,25.31,NA,NA,SGD 0.00,DDA,complete,14-May-2019,RSP,-,-,
HGIF - RMB Fixed Income AM3O SGD,UT,11-Apr-2019,SGD 14.02,1,SGD 10.198,1.375,NA,NA,SGD 0.00,Cash,complete,11-Apr-2019,Dividend,-,-,
HGIF - RMB Fixed Income AM3O SGD,UT,08-Apr-2019,SGD 500,1,SGD 10.197,47.46,NA,NA,SGD 0.00,DDA,complete,12-Apr-2019,RSP,-,-,
Eastspring Investments - China Equity Fund AS SGD,UT,08-Apr-2019,SGD 100,1,SGD 14.015,6.906,NA,NA,SGD 0.00,DDA,complete,12-Apr-2019,RSP,-,-,
Fidelity China Focus A-SGD,UT,08-Apr-2019,SGD 100,1,SGD 2.204,43.92,NA,NA,SGD 0.00,DDA,complete,12-Apr-2019,RSP,-,-,
Fidelity China Consumer A-SGD,UT,08-Apr-2019,SGD 100,1,SGD 2.049,47.24,NA,NA,SGD 0.00,DDA,complete,12-Apr-2019,RSP,-,-,
Aberdeen Standard China Opportunities SGD,UT,08-Apr-2019,SGD 100,1,SGD 3.9727,24.36,NA,NA,SGD 0.00,DDA,complete,12-Apr-2019,RSP,-,-,
DWS China Equity A SGD,UT,08-Apr-2019,SGD 100,1,SGD 4.0512,23.89,NA,NA,SGD 0.00,DDA,complete,12-Apr-2019,RSP,-,-,
HGIF - RMB Fixed Income AM3O SGD,UT,13-Mar-2019,SGD 13.6,1,SGD 10.16,1.339,NA,NA,SGD 0.00,Cash,complete,13-Mar-2019,Dividend,-,-,
Aberdeen Standard China Opportunities SGD,UT,08-Mar-2019,SGD 100,1,SGD 3.6473,26.54,NA,NA,SGD 0.00,DDA,complete,14-Mar-2019,RSP,-,-,
Eastspring Investments - China Equity Fund AS SGD,UT,08-Mar-2019,SGD 100,1,SGD 12.879,7.515,NA,NA,SGD 0.00,DDA,complete,14-Mar-2019,RSP,-,-,
Fidelity China Consumer A-SGD,UT,08-Mar-2019,SGD 100,1,SGD 1.891,51.18,NA,NA,SGD 0.00,DDA,complete,14-Mar-2019,RSP,-,-,
DWS China Equity A SGD,UT,08-Mar-2019,SGD 100,1,SGD 3.7711,25.66,NA,NA,SGD 0.00,DDA,complete,14-Mar-2019,RSP,-,-,
Fidelity China Focus A-SGD,UT,08-Mar-2019,SGD 100,1,SGD 2.088,46.36,NA,NA,SGD 0.00,DDA,complete,14-Mar-2019,RSP,-,-,
HGIF - RMB Fixed Income AM3O SGD,UT,08-Mar-2019,SGD 500,1,SGD 10.166,47.605,NA,NA,SGD 0.00,DDA,complete,14-Mar-2019,RSP,-,-,
HGIF - RMB Fixed Income AM3O SGD,UT,18-Feb-2019,SGD 12.69,1,SGD 10.098,1.257,NA,NA,SGD 0.00,Cash,complete,18-Feb-2019,Dividend,-,-,
HGIF - RMB Fixed Income AM3O SGD,UT,11-Feb-2019,SGD 500,1,SGD 10.039,48.207,NA,NA,SGD 0.00,DDA,complete,15-Feb-2019,RSP,-,-,
Aberdeen Standard China Opportunities SGD,UT,11-Feb-2019,SGD 100,1,SGD 3.5779,27.05,NA,NA,SGD 0.00,DDA,complete,15-Feb-2019,RSP,-,-,
Fidelity China Focus A-SGD,UT,08-Feb-2019,SGD 100,1,SGD 2.039,47.47,NA,NA,SGD 0.00,DDA,complete,14-Feb-2019,RSP,-,-,
DWS China Equity A SGD,UT,08-Feb-2019,SGD 100,1,SGD 3.725,25.98,NA,NA,SGD 0.00,DDA,complete,14-Feb-2019,RSP,-,-,
Fidelity China Consumer A-SGD,UT,08-Feb-2019,SGD 100,1,SGD 1.824,53.06,NA,NA,SGD 0.00,DDA,complete,14-Feb-2019,RSP,-,-,
Eastspring Investments - China Equity Fund AS SGD,UT,08-Feb-2019,SGD 100,1,SGD 12.429,7.787,NA,NA,SGD 0.00,DDA,complete,14-Feb-2019,RSP,-,-,
HGIF - RMB Fixed Income AM3O SGD,UT,15-Jan-2019,SGD 12.66,1,SGD 9.998,1.266,NA,NA,SGD 0.00,Cash,complete,15-Jan-2019,Dividend,-,-,
Eastspring Investments - China Equity Fund AS SGD,UT,08-Jan-2019,SGD 100,1,SGD 11.407,8.485,NA,NA,SGD 0.00,DDA,complete,14-Jan-2019,RSP,-,-,
Fidelity China Consumer A-SGD,UT,08-Jan-2019,SGD 100,1,SGD 1.666,58.1,NA,NA,SGD 0.00,DDA,complete,14-Jan-2019,RSP,-,-,
HGIF - RMB Fixed Income AM3O SGD,UT,08-Jan-2019,SGD 500,1,SGD 9.89,48.933,NA,NA,SGD 0.00,DDA,complete,14-Jan-2019,RSP,-,-,
Fidelity China Focus A-SGD,UT,08-Jan-2019,SGD 100,1,SGD 1.886,51.32,NA,NA,SGD 0.00,DDA,complete,14-Jan-2019,RSP,-,-,
Aberdeen Standard China Opportunities SGD,UT,08-Jan-2019,SGD 100,1,SGD 3.2553,29.73,NA,NA,SGD 0.00,DDA,complete,14-Jan-2019,RSP,-,-,
DWS China Equity A SGD,UT,08-Jan-2019,SGD 100,1,SGD 3.4212,28.29,NA,NA,SGD 0.00,DDA,complete,14-Jan-2019,RSP,-,-,
HGIF - RMB Fixed Income AM3O SGD,UT,13-Dec-2018,SGD 10.91,1,SGD 9.777,1.116,NA,NA,SGD 0.00,Cash,complete,13-Dec-2018,Dividend,-,-,
Eastspring Investments - China Equity Fund AS SGD,UT,10-Dec-2018,SGD 100,1,SGD 11.813,8.194,NA,NA,SGD 0.00,DDA,complete,14-Dec-2018,RSP,-,-,
HGIF - RMB Fixed Income AM3O SGD,UT,10-Dec-2018,SGD 500,1,SGD 9.756,49.605,NA,NA,SGD 0.00,DDA,complete,14-Dec-2018,RSP,-,-,
Fidelity China Focus A-SGD,UT,10-Dec-2018,SGD 100,1,SGD 1.912,50.62,NA,NA,SGD 0.00,DDA,complete,14-Dec-2018,RSP,-,-,
DWS China Equity A SGD,UT,10-Dec-2018,SGD 100,1,SGD 3.5047,27.61,NA,NA,SGD 0.00,DDA,complete,14-Dec-2018,RSP,-,-,
Fidelity China Consumer A-SGD,UT,10-Dec-2018,SGD 100,1,SGD 1.696,57.07,NA,NA,SGD 0.00,DDA,complete,14-Dec-2018,RSP,-,-,
Aberdeen Standard China Opportunities SGD,UT,10-Dec-2018,SGD 100,1,SGD 3.3408,28.97,NA,NA,SGD 0.00,DDA,complete,14-Dec-2018,RSP,-,-,
HGIF - RMB Fixed Income AM3O SGD,UT,16-Nov-2018,SGD 9.53,1,SGD 9.655,0.987,NA,NA,SGD 0.00,Cash,complete,16-Nov-2018,Dividend,-,-,
DWS China Equity A SGD,UT,08-Nov-2018,SGD 100,1,SGD 3.5996,26.88,NA,NA,SGD 0.00,DDA,complete,14-Nov-2018,RSP,-,-,
Aberdeen Standard China Opportunities SGD,UT,08-Nov-2018,SGD 100,1,SGD 3.4155,28.34,NA,NA,SGD 0.00,DDA,complete,14-Nov-2018,RSP,-,-,
Fidelity China Focus A-SGD,UT,08-Nov-2018,SGD 100,1,SGD 1.979,48.91,NA,NA,SGD 0.00,DDA,complete,14-Nov-2018,RSP,-,-,
Eastspring Investments - China Equity Fund AS SGD,UT,08-Nov-2018,SGD 100,1,SGD 12.182,7.945,NA,NA,SGD 0.00,DDA,complete,14-Nov-2018,RSP,-,-,
Fidelity China Consumer A-SGD,UT,08-Nov-2018,SGD 100,1,SGD 1.736,55.75,NA,NA,SGD 0.00,DDA,complete,14-Nov-2018,RSP,-,-,
HGIF - RMB Fixed Income AM3O SGD,UT,08-Nov-2018,SGD 500,1,SGD 9.681,49.99,NA,NA,SGD 0.00,DDA,complete,14-Nov-2018,RSP,-,-,
HGIF - RMB Fixed Income AM3O SGD,UT,12-Oct-2018,SGD 8.2,1,SGD 9.712,0.844,NA,NA,SGD 0.00,Cash,complete,12-Oct-2018,Dividend,-,-,
HGIF - RMB Fixed Income AM3O SGD,UT,09-Oct-2018,SGD 500,1,SGD 9.712,49.83,NA,NA,SGD 0.00,DDA,complete,15-Oct-2018,RSP,-,-,
Fidelity China Consumer A-SGD,UT,08-Oct-2018,SGD 100,1,SGD 1.779,54.41,NA,NA,SGD 0.00,DDA,complete,12-Oct-2018,RSP,-,-,
DWS China Equity A SGD,UT,08-Oct-2018,SGD 100,1,SGD 3.6165,26.76,NA,NA,SGD 0.00,DDA,complete,12-Oct-2018,RSP,-,-,
Fidelity China Focus A-SGD,UT,08-Oct-2018,SGD 100,1,SGD 1.99,48.64,NA,NA,SGD 0.00,DDA,complete,12-Oct-2018,RSP,-,-,
Eastspring Investments - China Equity Fund AS SGD,UT,08-Oct-2018,SGD 100,1,SGD 12.184,7.944,NA,NA,SGD 0.00,DDA,complete,12-Oct-2018,RSP,-,-,
Aberdeen Standard China Opportunities SGD,UT,08-Oct-2018,SGD 100,1,SGD 3.4328,28.2,NA,NA,SGD 0.00,DDA,complete,12-Oct-2018,RSP,-,-,
HGIF - RMB Fixed Income AM3O SGD,UT,12-Sep-2018,SGD 6.56,1,SGD 9.88,0.664,NA,NA,SGD 0.00,Cash,complete,12-Sep-2018,Dividend,-,-,
Fidelity China Focus A-SGD,UT,10-Sep-2018,SGD 100,1,SGD 1.986,48.74,NA,NA,SGD 0.00,DDA,complete,14-Sep-2018,RSP,-,-,
Eastspring Investments - China Equity Fund AS SGD,UT,10-Sep-2018,SGD 100,1,SGD 12.289,7.876,NA,NA,SGD 0.00,DDA,complete,14-Sep-2018,RSP,-,-,
HGIF - RMB Fixed Income AM3O SGD,UT,10-Sep-2018,SGD 500,1,SGD 9.859,49.087,NA,NA,SGD 0.00,DDA,complete,14-Sep-2018,RSP,-,-,
Fidelity China Consumer A-SGD,UT,10-Sep-2018,SGD 100,1,SGD 1.807,53.56,NA,NA,SGD 0.00,DDA,complete,14-Sep-2018,RSP,-,-,
DWS China Equity A SGD,UT,10-Sep-2018,SGD 100,1,SGD 3.6883,26.24,NA,NA,SGD 0.00,DDA,complete,14-Sep-2018,RSP,-,-,
Aberdeen Standard China Opportunities SGD,UT,10-Sep-2018,SGD 100,1,SGD 3.4572,28,NA,NA,SGD 0.00,DDA,complete,14-Sep-2018,RSP,-,-,
HGIF - RMB Fixed Income AM3O SGD,UT,14-Aug-2018,SGD 6.15,1,SGD 9.926,0.62,NA,NA,SGD 0.00,Cash,complete,14-Aug-2018,Dividend,-,-,
Fidelity China Focus A-SGD,UT,13-Aug-2018,SGD 2.65,1,SGD 2.066,1.28,NA,NA,SGD 0.00,Cash,complete,13-Aug-2018,Dividend,-,-,
Fidelity China Focus A-SGD,UT,08-Aug-2018,SGD 100,1,SGD 2.066,46.85,NA,NA,SGD 0.00,DDA,complete,15-Aug-2018,RSP,-,-,
DWS China Equity A SGD,UT,08-Aug-2018,SGD 100,1,SGD 3.9524,24.48,NA,NA,SGD 0.00,DDA,complete,15-Aug-2018,RSP,-,-,
HGIF - RMB Fixed Income AM3O SGD,UT,08-Aug-2018,SGD 500,1,SGD 9.929,48.741,NA,NA,SGD 0.00,DDA,complete,15-Aug-2018,RSP,-,-,
Aberdeen Standard China Opportunities SGD,UT,08-Aug-2018,SGD 100,1,SGD 3.5949,26.92,NA,NA,SGD 0.00,DDA,complete,15-Aug-2018,RSP,-,-,
Eastspring Investments - China Equity Fund AS SGD,UT,08-Aug-2018,SGD 100,1,SGD 12.993,7.449,NA,NA,SGD 0.00,DDA,complete,15-Aug-2018,RSP,-,-,
Fidelity China Consumer A-SGD,UT,08-Aug-2018,SGD 100,1,SGD 1.925,50.28,NA,NA,SGD 0.00,DDA,complete,15-Aug-2018,RSP,-,-,
HGIF - RMB Fixed Income AM3O SGD,UT,16-Jul-2018,SGD 3.87,1,SGD 10.108,0.383,NA,NA,SGD 0.00,Cash,complete,16-Jul-2018,Dividend,-,-,
HGIF - RMB Fixed Income AM3O SGD,UT,09-Jul-2018,SGD 500,1,SGD 10.203,47.432,NA,NA,SGD 0.00,DDA,complete,13-Jul-2018,RSP,-,-,
Aberdeen Standard China Opportunities SGD,UT,09-Jul-2018,SGD 100,1,SGD 3.7022,26.14,NA,NA,SGD 0.00,DDA,complete,13-Jul-2018,RSP,-,-,
DWS China Equity A SGD,UT,09-Jul-2018,SGD 100,1,SGD 4.0652,23.8,NA,NA,SGD 0.00,DDA,complete,13-Jul-2018,RSP,-,-,
Fidelity China Consumer A-SGD,UT,09-Jul-2018,SGD 100,1,SGD 2.067,46.83,NA,NA,SGD 0.00,DDA,complete,13-Jul-2018,RSP,-,-,
Fidelity China Focus A-SGD,UT,09-Jul-2018,SGD 100,1,SGD 2.102,46.05,NA,NA,SGD 0.00,DDA,complete,13-Jul-2018,RSP,-,-,
Eastspring Investments - China Equity Fund AS SGD,UT,09-Jul-2018,SGD 100,1,SGD 13.294,7.281,NA,NA,SGD 0.00,DDA,complete,13-Jul-2018,RSP,-,-,
Cash Fund,UT,11-Jun-2018,SGD 579.24,1,SGD 1.071408,540.634,NA,NA,SGD 0.00,Cash Fund,complete,12-Jun-2018,Switch Buy,Y,Y,
Cash Fund,UT,11-Jun-2018,SGD 572.46,1,SGD 1.071408,534.306,NA,NA,SGD 0.00,Cash Fund,complete,12-Jun-2018,Switch Buy,Y,Y,
Cash Fund,UT,11-Jun-2018,SGD 558.53,1,SGD 1.071408,521.305,NA,NA,SGD 0.00,Cash Fund,complete,12-Jun-2018,Switch Buy,Y,Y,
Cash Fund,UT,11-Jun-2018,SGD 563.94,1,SGD 1.071408,526.354,NA,NA,SGD 0.00,Cash Fund,complete,12-Jun-2018,Switch Buy,Y,Y,
DWS China Equity A SGD,UT,08-Jun-2018,SGD 250,1,SGD 4.3297,55.88,NA,NA,SGD 0.00,DDA,complete,14-Jun-2018,RSP,-,-,
Eastspring Investments - China Equity Fund AS SGD,UT,08-Jun-2018,SGD 250,1,SGD 14.307,16.913,NA,NA,SGD 0.00,DDA,complete,14-Jun-2018,RSP,-,-,
Fidelity China Focus A-SGD,UT,08-Jun-2018,SGD 250,1,SGD 2.255,107.3,NA,NA,SGD 0.00,DDA,complete,14-Jun-2018,RSP,-,-,
Aberdeen Standard China Opportunities SGD,UT,08-Jun-2018,SGD 250,1,SGD 3.9192,61.74,NA,NA,SGD 0.00,DDA,complete,14-Jun-2018,RSP,-,-,
Fidelity China Consumer A-SGD,UT,06-Jun-2018,SGD 339.67,1,SGD 2.213,153.49,NA,NA,SGD 0.00,Cash,complete,12-Jun-2018,Switch Buy,Y,Y,
HGIF - RMB Fixed Income AM3O SGD,UT,06-Jun-2018,SGD 342.97,1,SGD 10.626,32.276,NA,NA,SGD 0.00,Cash,complete,12-Jun-2018,Switch Buy,Y,Y,
Fidelity China Consumer A-SGD,UT,06-Jun-2018,SGD 342.95,1,SGD 2.213,154.97,NA,NA,SGD 0.00,Cash,complete,12-Jun-2018,Switch Buy,Y,Y,
HGIF - RMB Fixed Income AM3O SGD,UT,06-Jun-2018,SGD 352.27,1,SGD 10.626,33.152,NA,NA,SGD 0.00,Cash,complete,12-Jun-2018,Switch Buy,Y,Y,
Fidelity China Consumer A-SGD,UT,06-Jun-2018,SGD 352.27,1,SGD 2.213,159.18,NA,NA,SGD 0.00,Cash,complete,12-Jun-2018,Switch Buy,Y,Y,
HGIF - RMB Fixed Income AM3O SGD,UT,06-Jun-2018,SGD 339.67,1,SGD 10.626,31.966,NA,NA,SGD 0.00,Cash,complete,12-Jun-2018,Switch Buy,Y,Y,
Fidelity China Consumer A-SGD,UT,06-Jun-2018,SGD 348.16,1,SGD 2.213,157.32,NA,NA,SGD 0.00,Cash,complete,12-Jun-2018,Switch Buy,Y,Y,
HGIF - RMB Fixed Income AM3O SGD,UT,06-Jun-2018,SGD 348.16,1,SGD 10.626,32.765,NA,NA,SGD 0.00,Cash,complete,12-Jun-2018,Switch Buy,Y,Y,
Eastspring Investments - China Equity Fund AS SGD,UT,08-May-2018,SGD 250,1,SGD 14.004,17.279,NA,NA,SGD 0.00,DDA,complete,14-May-2018,RSP,-,-,
Aberdeen Standard China Opportunities SGD,UT,08-May-2018,SGD 250,1,SGD 3.7536,64.46,NA,NA,SGD 0.00,DDA,complete,14-May-2018,RSP,-,-,
DWS China Equity A SGD,UT,08-May-2018,SGD 250,1,SGD 4.162,58.13,NA,NA,SGD 0.00,DDA,complete,14-May-2018,RSP,-,-,
Fidelity China Focus A-SGD,UT,08-May-2018,SGD 250,1,SGD 2.206,109.69,NA,NA,SGD 0.00,DDA,complete,14-May-2018,RSP,-,-,
Aberdeen Standard China Opportunities SGD,UT,09-Apr-2018,SGD 250,1,SGD 3.6764,65.82,NA,NA,SGD 0.00,DDA,complete,13-Apr-2018,RSP,-,-,
Eastspring Investments - China Equity Fund AS SGD,UT,09-Apr-2018,SGD 250,1,SGD 13.65,17.727,NA,NA,SGD 0.00,DDA,complete,13-Apr-2018,RSP,-,-,
DWS China Equity A SGD,UT,09-Apr-2018,SGD 250,1,SGD 3.9994,60.5,NA,NA,SGD 0.00,DDA,complete,13-Apr-2018,RSP,-,-,
Fidelity China Focus A-SGD,UT,09-Apr-2018,SGD 250,1,SGD 2.123,113.98,NA,NA,SGD 0.00,DDA,complete,13-Apr-2018,RSP,-,-,
Eastspring Investments - China Equity Fund AS SGD,UT,08-Mar-2018,SGD 250,1,SGD 14.143,17.109,NA,NA,SGD 0.00,DDA,complete,14-Mar-2018,RSP,-,-,
Fidelity China Focus A-SGD,UT,08-Mar-2018,SGD 250,1,SGD 2.189,110.54,NA,NA,SGD 0.00,DDA,complete,14-Mar-2018,RSP,-,-,
DWS China Equity A SGD,UT,08-Mar-2018,SGD 250,1,SGD 4.1452,58.37,NA,NA,SGD 0.00,DDA,complete,14-Mar-2018,RSP,-,-,
Aberdeen Standard China Opportunities SGD,UT,08-Mar-2018,SGD 250,1,SGD 3.7684,64.21,NA,NA,SGD 0.00,DDA,complete,14-Mar-2018,RSP,-,-,
Eastspring Investments - China Equity Fund AS SGD,UT,08-Feb-2018,SGD 250,1,SGD 14.059,17.211,NA,NA,SGD 0.00,DDA,complete,14-Feb-2018,RSP,-,-,
Aberdeen Standard China Opportunities SGD,UT,08-Feb-2018,SGD 250,1,SGD 3.6845,65.67,NA,NA,SGD 0.00,DDA,complete,14-Feb-2018,RSP,-,-,
Fidelity China Focus A-SGD,UT,08-Feb-2018,SGD 250,1,SGD 2.18,111,NA,NA,SGD 0.00,DDA,complete,14-Feb-2018,RSP,-,-,
DWS China Equity A SGD,UT,08-Feb-2018,SGD 250,1,SGD 3.98,60.79,NA,NA,SGD 0.00,DDA,complete,14-Feb-2018,RSP,-,-,
DWS China Equity A SGD,UT,08-Jan-2018,SGD 250,1,SGD 4.134,58.53,NA,NA,SGD 0.00,DDA,complete,12-Jan-2018,RSP,-,-,
Fidelity China Focus A-SGD,UT,08-Jan-2018,SGD 250,1,SGD 2.234,108.31,NA,NA,SGD 0.00,DDA,complete,12-Jan-2018,RSP,-,-,
Eastspring Investments - China Equity Fund AS SGD,UT,08-Jan-2018,SGD 250,1,SGD 14.343,16.87,NA,NA,SGD 0.00,DDA,complete,12-Jan-2018,RSP,-,-,
Aberdeen Standard China Opportunities SGD,UT,08-Jan-2018,SGD 250,1,SGD 3.7769,64.07,NA,NA,SGD 0.00,DDA,complete,12-Jan-2018,RSP,-,-,
Cash Fund,UT,01-Dec-2017,SGD 4600,1,SGD 1.066791,4173.582,NA,NA,SGD 0.00,Cash,complete,04-Dec-2017,Buy,Y,Y,
SPDR® Gold Shares,ETF,01-Dec-2017,USD 3758.56,1,USD 121.15,30,NA,NA,USD 5.83,Cash Account (USD),complete,01-Dec-2017,Buy,NA,NA,
